Lat,Long,City,Neighborhood,Zillow Home Value,Month Over Month,Quarter Over Quarter,Year Over Year,5 Year Annualized,10 Year Annualized,Median Value/SQFT,Monthly +/- in MVSF,Quarterly +/- in MVSF,Yearly +/- in MVSF,Zillow Rent Index,Monthly +/- Rent,Quarterly +/- Rent,Yearly +/- Rent
36.9105813075,-76.0562626046,Virginia Beach City,Cape Story by the Sea,635900,0.007,0.017,0.043,0.02,0.004,271,0.004,0.015,0.042,---,---,---,---
36.8782447502,-76.02613810060001,Virginia Beach City,Alanton,480900,0.007,0.02,0.048,0.024,0.011,1506,0.007,0.02,0.047,2193,-0.009,-0.021,0.047
36.8650521869,-76.1240022262,Virginia Beach City,Pembroke,316000,0.005,0.017,0.032,0.021,0.005,145,0.0,0.014,0.028,1826,0.009,0.011,0.03
36.863566915599996,-76.0875271849,Virginia Beach City,Kings Grant,383100,0.004,0.013,0.031,0.016,0.009,849,0.004,0.013,0.032,1957,-0.004,-0.034,0.007
36.793427502,-76.0053170985,Virginia Beach City,Macons Corner,236100,0.005,0.016,0.042,0.019,0.005,188,0.005,0.016,0.039,---,---,---,---
36.912446771,-76.0733308062,Virginia Beach City,Lynnhaven Shores,389600,0.004,0.014,0.037,0.019,0.005,250,0.004,0.012,0.033,1845,0.007,0.007,0.048
36.802051901300004,-76.1548524029,Virginia Beach City,Acredale,312200,0.004,0.014,0.039,0.025,0.01,360,0.003,0.014,0.037,1796,-0.002,0.01,0.05
36.877232166300004,-76.001832612,Virginia Beach City,Bay Colony,857500,0.004,0.014,0.03,0.024,0.01,253,0.004,0.012,0.028,---,---,---,---
36.7289382921,-75.9369795976,Virginia Beach City,Sandbridge,682400,-0.001,-0.002,0.02,0.011,-0.002,1446,-0.001,-0.001,0.02,3279,-0.005,-0.007,0.013
36.9061304059,-76.0219423767,Virginia Beach City,First Landing State Park,1079700,0.013,0.037,0.015,0.027,0.01,328,0.015,0.038,0.015,---,---,---,---
36.8591987726,-76.0029641044,Virginia Beach City,Linkhorn Park,473000,0.004,0.015,0.042,0.024,0.006,231,0.004,0.018,0.045,1891,-0.006,-0.014,0.04
36.9195497241,-76.1627788261,Virginia Beach City,US Navy Little Creek Amphibious Base,206800,0.002,0.007,-0.022,-0.027,---,160,0.006,0.006,-0.018,---,---,---,---
36.905366662199995,-76.0485803055,Virginia Beach City,Broad Bay Colony,795900,0.002,0.01,0.024,0.033,-0.001,283,0.0,0.007,0.022,---,---,---,---
36.8272650162,-75.976421136,Virginia Beach City,Rudee Heights,357900,0.004,0.011,0.019,0.021,0.004,3963,0.004,0.01,0.019,---,---,---,---
36.8291090383,-76.1695790725,Virginia Beach City,Kempsville,241100,0.004,0.015,0.043,0.023,0.005,195,0.005,0.016,0.043,1496,0.006,0.008,0.017
36.8794550485,-76.160276762,Virginia Beach City,Bayside,237200,0.004,0.012,0.037,0.02,0.003,340,0.003,0.012,0.037,1473,0.01,0.002,0.013
36.8369907568,-75.9854454795,Virginia Beach City,Seatack,302600,0.002,0.008,0.029,0.024,0.01,523,0.002,0.008,0.028,1505,0.004,-0.002,-0.007
36.8224253557,-75.9673250819,Virginia Beach City,Croatan Beach,832100,0.003,0.011,0.023,0.014,0.005,252,0.004,0.012,0.024,---,---,---,---
36.7909102607,-76.190863127,Virginia Beach City,Mears Corner,273800,0.004,0.014,0.04,0.023,0.008,288,0.003,0.014,0.04,1651,0.004,0.01,0.022
36.8290892543,-76.0834367123,Virginia Beach City,Princess Anne Plaza,231400,0.009,0.024,0.068,0.029,0.009,170,0.006,0.024,0.063,1389,0.004,0.001,0.012
36.8444600244,-76.1179352314,Virginia Beach City,Thalia,245100,0.003,0.011,0.042,0.022,0.004,485,0.002,0.01,0.041,1407,-0.001,0,0.014
36.8425143444,-76.0156738333,Virginia Beach City,Oceana,215400,0.001,0.009,0.052,0.031,0.012,171,0.0,0.006,0.049,---,---,---,---
36.889339229099996,-75.9857914541,Virginia Beach City,The North End,715500,0.002,0.009,0.026,0.017,0.002,3210,0.002,0.009,0.027,2905,-0.005,-0.035,0.021
36.6535469835,-76.0057161026,Virginia Beach City,Princess Anne,350200,0.003,0.011,0.028,0.023,0.012,509,0.004,0.012,0.028,1895,0.002,-0.016,0.02
36.7844849252,-75.9589599191,Virginia Beach City,Dams Neck Naval Air Station,284400,-0.002,0.005,0.002,0.017,0.011,142,0.0,0.007,0.0,---,---,---,---
36.8951462539,-76.1176943374,Virginia Beach City,Thoroughgood,395000,0.001,0.006,0.024,0.023,0.01,466,0.002,0.006,0.024,2019,-0.01,-0.02,0.046
36.811090308699995,-76.0303495738,Virginia Beach City,Naval Air Station Oceana,169500,0.002,0.006,0.06,0.038,0,137,0.0,0.007,0.062,---,---,---,---
36.9143331632,-76.119735381,Virginia Beach City,Chesapeake Beach,419900,0.004,0.01,0.035,0.024,0.011,265,0.004,0.008,0.035,1990,-0.007,-0.017,0.051
36.9143331632,-76.119735381,Virginia Beach City,Chesapeake Beach,419900,0.004,0.01,0.035,0.024,0.011,265,0.004,0.008,0.035,1990,-0.007,-0.017,0.051
36.8736881353,-76.0540855017,Virginia Beach City,Great Neck,376800,0.004,0.013,0.033,0.023,0.009,545,0.006,0.013,0.034,1834,-0.015,-0.041,0.021
36.796919045,-76.1035768798,Virginia Beach City,Green Run,214800,0.006,0.019,0.061,0.036,0.011,356,0.006,0.02,0.063,1387,-0.009,0.002,0.027
36.7722921842,-76.1322859964,Virginia Beach City,Salem,282200,0.005,0.016,0.042,0.027,0.01,440,0.005,0.016,0.043,1664,0.004,0.017,0.028
36.8054261882,-76.2392872066,Chesapeake City,Indian River,209700,0.005,0.013,0.034,0.026,0.005,234,0.004,0.013,0.035,1384,0.002,0.003,0.01
36.7047176499,-76.2698366244,Chesapeake City,Great Bridge,362900,0.005,0.013,0.029,0.023,0.011,406,0.005,0.012,0.03,1951,-0.023,-0.039,-0.003
36.840520656,-76.4181170936,Chesapeake City,Western Branch North,256300,0.003,0.009,0.025,0.025,0.005,149,0.007,0.007,0.028,1575,-0.005,-0.013,0.011
36.6938978421,-76.1408001246,Chesapeake City,Butts Station,379600,0.004,0.012,0.029,0.023,0.007,467,0.004,0.013,0.029,2095,-0.005,-0.011,0.03
36.7903033335,-76.2770086574,Chesapeake City,South Norfolk,192400,0.005,0.012,0.039,0.031,0.004,232,0.004,0.013,0.04,1372,0.005,0.013,0.023
36.7903033335,-76.2770086574,Chesapeake City,South Norfolk,192400,0.005,0.012,0.039,0.031,0.004,232,0.004,0.013,0.04,1372,0.005,0.013,0.023
36.773308916,-76.3388724595,Chesapeake City,Deep Creek North,229500,0.004,0.014,0.048,0.033,0.009,411,0.002,0.012,0.048,1530,0.007,0.012,0.016
36.6814712369,-76.2092930829,Chesapeake City,Great Bridge East,361700,0.004,0.009,0.023,0.023,0.011,164,0.006,0.006,0.025,2047,0.001,0.004,0.039
36.797316246,-76.4258621692,Chesapeake City,Western Branch South,305700,0.005,0.013,0.039,0.025,0.008,148,0.0,0.014,0.035,1713,-0.006,-0.009,0.011
36.617802876300004,-76.296487167,Chesapeake City,Pleasant Grove West,427400,0.004,0.01,0.019,0.026,0.009,169,0.0,0.006,0.018,2180,-0.011,-0.027,-0.003
36.7434992146,-76.2546985569,Chesapeake City,Greenbrier West,245400,0.004,0.01,0.025,0.022,0.003,144,0.0,0.007,0.021,1567,0.002,-0.004,0.01
36.7317778689,-76.32606235029999,Chesapeake City,Deep Creek South,349100,0.005,0.012,0.031,0.027,0.011,150,0.007,0.014,0.034,1985,0.005,-0.005,0.026
36.7489307646,-76.18647635949999,Chesapeake City,Greenbrier East,297100,0.004,0.011,0.026,0.02,0.005,270,0.004,0.011,0.027,1733,-0.013,-0.014,0.005
36.762027,-76.43061800000002,Chesapeake City,Deep Creek West-Dismal Swamp,317000,0.004,0.009,0.016,0.023,0.007,149,0.0,0.007,0.014,1788,-0.01,-0.023,0.003
36.6071685299,-76.1654920779,Chesapeake City,Pleasant Grove East,434300,0.001,0.001,0.018,0.027,0.011,1644,0.001,0.001,0.019,---,---,---,---
36.9086447034,-76.2042273198,Norfolk City,The Gardens,439600,0.003,0.009,0.01,0.008,0.008,142,0.007,0.014,0.014,,,,
36.8947510845,-76.3100930976,Norfolk City,Edgewater,379000,-0.002,-0.004,0.0,0.013,0.003,176,0.0,-0.006,0.0,,,,
36.9220805043,-76.20013111189999,Norfolk City,Camellia Gardens,231200,-0.001,-0.006,-0.015,0.024,-0.002,141,0.0,-0.007,-0.014,,,,
36.877527613299996,-76.2444199276,Norfolk City,Estabrook,178200,0.005,0.007,0.037,0.03,-0.001,133,0.008,0.008,0.039,,,,
36.9115335632,-76.31200731359999,Norfolk City,Lochhaven,525500,0.0,-0.005,-0.018,0.001,-0.009,165,0.0,-0.006,-0.018,,,,
36.8558154248,-76.2505732572,Norfolk City,Bowling Green,172300,-0.003,-0.01,0.013,0.014,0,121,-0.008,-0.016,0.008,,,,
36.8696737747,-76.3065022545,Norfolk City,West Ghent,384900,-0.001,-0.002,0.01,0.017,0.005,181,0.0,0.0,0.011,,,,
36.915500492199996,-76.2813910477,Norfolk City,Wards Corner,211800,0.005,0.01,0.031,0.026,0.001,137,0.0,0.007,0.03,,,,
36.8968258849,-76.2374663339,Norfolk City,Wellington Oaks,75400,-0.008,-0.029,-0.015,-0.018,-0.033,479,-0.008,-0.028,-0.014,,,,
36.889226125,-76.24610364680001,Norfolk City,Norview,187300,0.004,0.008,0.022,0.032,0.004,951,0.004,0.007,0.023,,,,
36.9046535687,-76.2835685888,Norfolk City,Talbot Park,349600,0.005,0.008,0.031,0.004,0.001,4359,0.005,0.008,0.031,,,,
36.9025017822,-76.2124072287,Norfolk City,Glengariff,335000,-0.002,-0.006,-0.015,0.009,-0.003,146,0.0,-0.007,-0.014,,,,
36.8821852226,-76.3075080579,Norfolk City,Lamberts Point,192300,0.001,0.005,0.028,0.037,0.002,125,0.0,0.0,0.025,,,,
36.8939409937,-76.2536586539,Norfolk City,Greenhill Farms,204000,0.002,0.0,0.012,0.042,0.004,125,0.0,0.0,0.008,,,,
36.8454553562,-76.2207381217,Norfolk City,Waverly on Broad Creek,238700,0.0,0.001,0.024,0.016,0.006,121,0.0,0.0,0.025,,,,
36.905536038,-76.273244144,Norfolk City,Bolling Brook,217600,0.001,0.003,0.008,0.021,0.007,140,0.0,0.007,0.007,,,,
36.897649536799996,-76.2862957416,Norfolk City,River Point,408100,0.002,0.004,0.007,0,-0.004,145,0.007,0.007,0.014,,,,
36.9207091745,-76.2316023443,Norfolk City,Bel-Aire,250700,-0.001,-0.001,-0.002,0.022,0.003,133,0.0,0.0,0.0,,,,
36.8756542084,-76.2325069357,Norfolk City,Sherwood Forest,184800,0.007,0.014,0.04,0.04,0.007,140,0.007,0.014,0.037,,,,
36.8866318891,-76.2954542878,Norfolk City,Highland Park,171900,0.001,0.007,0.054,0.02,-0.005,137,0.0,0.007,0.054,,,,
36.8507545398,-76.2177958273,Norfolk City,Poplar Halls,227700,0.0,0.001,0.032,0.025,0.006,131,0.0,0.0,0.031,,,,
36.849282679299996,-76.25359472939999,Norfolk City,Middle Towne Arch,228200,0.005,0.012,0.025,0.025,0.002,123,0.008,0.017,0.025,,,,
36.8646018936,-76.2032483496,Norfolk City,Lake Taylor,219300,0.0,0.002,0.032,0.018,0.004,139,0.0,0.0,0.03,,,,
36.8412784559,-76.1930043027,Norfolk City,Easton Forest,188200,0.002,0.003,0.008,0.026,0.005,140,0.0,0.007,0.007,,,,
36.910237593699996,-76.243595971,Norfolk City,Oakwood,170100,0.008,0.015,0.03,0.033,0,122,0.008,0.017,0.034,,,,
36.841349679400004,-76.2457099671,Norfolk City,Grandy Village,145100,-0.004,-0.006,-0.001,-0.03,---,129,0.0,0.0,0.0,,,,
36.9005390887,-76.2322423471,Norfolk City,Saint Andrews,127800,0.009,0.027,0.109,---,---,95,0.011,0.033,0.118,,,,
36.9297136937,-76.3121373638,Norfolk City,Glenwood Park,139500,-0.006,-0.014,0.02,0.034,0.012,134,-0.007,-0.015,0.023,,,,
36.911348155300004,-76.2382654487,Norfolk City,Oakmont North,171500,0.001,0.009,0.012,0.055,0.004,142,0.0,0.007,0.007,,,,
36.8531807373,-76.2549971779,Norfolk City,Broad Creek,184200,0.006,0.012,0.084,0.043,0.003,114,0.0,0.009,0.086,,,,
36.8843863443,-76.27847454100001,Norfolk City,Riverview,300800,-0.002,-0.002,0.025,0.024,0.002,156,0.0,-0.006,0.026,,,,
36.9223713182,-76.2568849692,Norfolk City,Oakdale Farms,163300,0.002,0.004,0.056,0.033,0.002,160,0.0,0.0,0.053,,,,
36.9109461115,-76.25866233069999,Norfolk City,Cottage Road Park,141900,0.002,-0.002,0.071,0.032,0.004,146,0.0,-0.007,0.066,,,,
36.871416908200004,-76.276724747,Norfolk City,Villa Heights,162300,-0.006,-0.017,0.059,0.086,0.045,103,-0.01,-0.019,0.062,,,,
36.853603518,-76.2774319509,Norfolk City,Calvert Square,180100,0.006,0.019,0.037,0.033,-0.016,114,0.009,0.018,0.036,,,,
36.901073165700005,-76.24735451859999,Norfolk City,Coronado,185600,0.007,0.015,0.037,0.03,0.001,136,0.007,0.015,0.038,,,,
36.893123995100005,-76.27899510579998,Norfolk City,Belvedere,341000,0.001,0.004,0.025,0.015,0.006,169,0.0,0.006,0.024,,,,
36.893123995100005,-76.27899510579998,Norfolk City,Belvedere,233800,0.004,0.018,0.067,0.019,0.006,132,0.0,0.015,0.065,---,---,---,---
36.862134456599996,-76.3828029166,Portsmouth City,Belvedere,341000,0.001,0.004,0.025,0.015,0.006,169,0.0,0.006,0.024,,,,
36.862134456599996,-76.3828029166,Portsmouth City,Belvedere,233800,0.004,0.018,0.067,0.019,0.006,132,0.0,0.015,0.065,---,---,---,---
36.861275406,-76.2927367655,Norfolk City,Ghent Square,390300,-0.007,-0.019,-0.019,0.01,0.004,176,-0.006,-0.017,-0.017,,,,
36.8290217502,-76.2677426058,Norfolk City,Campostella,132300,-0.008,-0.015,0.015,0.028,---,103,-0.01,-0.01,0.02,,,,
36.8477564684,-76.2477941691,Norfolk City,Stonebridge,323500,-0.007,-0.024,-0.025,0.036,0.017,111,-0.009,-0.026,-0.026,,,,
36.859840678400005,-76.2739323768,Norfolk City,Hunter's Square,122800,-0.027,-0.065,-0.08,---,---,85,-0.034,-0.066,-0.086,,,,
36.951881787800005,-76.2599932571,Norfolk City,West Ocean View,193900,0.006,0.017,0.057,0.031,0.002,737,0.005,0.017,0.057,,,,
36.861436701100004,-76.3004604713,Norfolk City,Ghent,338200,-0.003,-0.008,0.011,0.009,-0.001,184,-0.005,-0.011,0.011,,,,
36.8467434425,-76.23449790560001,Norfolk City,Ingleside,195400,0.004,0.005,0.011,0.037,-0.001,796,0.004,0.005,0.01,,,,
36.9155090657,-76.2930217447,Norfolk City,Titustown,186300,0.007,0.023,0.053,0.045,0.009,134,0.008,0.023,0.047,,,,
36.8896681568,-76.2250945059,Norfolk City,Norvella Heights,175800,-0.002,0.005,0.062,0.041,0,147,-0.007,0.0,0.058,,,,
36.8633823366,-76.347659697,Portsmouth City,West Norfolk,159400,0.002,0.023,0.133,0.04,0.031,114,0.0,0.027,0.129,---,---,---,---
36.8633823366,-76.347659697,Portsmouth City,West Norfolk,159400,0.002,0.023,0.133,0.04,0.031,114,0.0,0.027,0.129,---,---,---,---
36.8741593676,-76.2210750358,Norfolk City,Foxhall,190800,0.004,0.009,0.055,0.035,0.006,809,0.004,0.007,0.055,,,,
36.8973821162,-76.2204833294,Norfolk City,Bromley,197800,-0.011,-0.021,0.06,0.043,0.022,146,-0.007,-0.02,0.066,,,,
36.8573378687,-76.2585221329,Norfolk City,Roberts Village,154000,0.006,0.023,0.071,0.043,0.006,108,0.009,0.029,0.069,,,,
36.850766156599995,-76.27146556470001,Norfolk City,Central Brambleton,205400,0.0,0.003,0.026,0.039,0.004,3486,0.0,0.003,0.026,,,,
36.9358406898,-76.2335527463,Norfolk City,Bayview Beach,197500,0.005,0.012,0.032,0.029,0.002,144,0.007,0.014,0.036,,,,
36.8672391092,-76.25178364850001,Norfolk City,Ballentine Place,175800,0.009,0.018,0.063,0.038,0.002,130,0.008,0.024,0.066,,,,
36.847645155900004,-76.2032800011,Norfolk City,Glenrock,222700,0.0,0.0,0.017,0.026,0.006,162,0.0,0.0,0.019,,,,
36.840110601999996,-76.2199489538,Norfolk City,Elizabeth Park,266100,-0.001,0.001,0.017,0.026,0.008,145,0.0,0.007,0.021,,,,
36.9382163275,-76.2581691925,Norfolk City,Northside,205700,0.005,0.013,0.043,0.033,0.005,141,0.007,0.014,0.044,,,,
36.8426225775,-76.2592705876,Norfolk City,Chesterfield Heights,161200,-0.005,-0.015,0.02,0.03,-0.017,106,0.0,-0.009,0.019,,,,
36.8821810084,-76.2268499583,Norfolk City,Elmhurst,187200,0.003,0.01,0.054,0.037,0.004,141,0.007,0.014,0.06,,,,
36.9309230657,-76.2487319655,Norfolk City,Hyde Park,189300,0.01,0.026,0.068,0.039,0.008,133,0.008,0.023,0.064,,,,
36.8744480799,-76.2881441932,Norfolk City,Park Place,183000,-0.003,-0.009,0.027,0.03,-0.003,107,0.0,-0.009,0.029,,,,
36.9102370791,-76.2190397776,Norfolk City,Water's Edge,439900,0.004,0.006,0.013,-0.002,-0.001,151,0.007,0.007,0.013,,,,
36.8520761066,-76.1811833105,Norfolk City,Newtown South,136700,0.007,0.02,0.044,-0.002,-0.007,89,0.011,0.023,0.047,,,,
36.8323279314,-76.1982277829,Norfolk City,Pleasant Point,447600,0.002,0.008,0.016,0.015,-0.011,135,0.007,0.007,0.015,,,,
36.9095549157,-76.25471686520001,Norfolk City,Partrea,174200,0.008,0.016,0.079,0.044,0.01,126,0.008,0.016,0.086,,,,
36.8522650524,-76.26267413149999,Norfolk City,Spartan Village,105700,0.011,0.025,0.096,0.014,---,83,0.012,0.025,0.092,,,,
36.907876046300004,-76.2668994642,Norfolk City,Suburban Acres,263000,0.001,0.004,0.042,0.025,0.006,151,0.0,0.007,0.041,,,,
36.895793184,-76.2450221118,Norfolk City,Sewells Gardens,175100,0.003,0.008,0.041,0.042,0.013,151,0.0,0.007,0.041,,,,
36.9203704794,-76.20712256590001,Norfolk City,North Camellia Acres,208600,0.004,0.009,0.011,0.026,-0.001,145,0.0,0.007,0.007,,,,
36.8465969754,-76.2739823479,Norfolk City,South Brambleton,94900,0.014,0.035,0.042,---,---,56,0.018,0.037,0.037,,,,
36.8357410936,-76.2137818159,Norfolk City,Woodbine,307400,-0.003,-0.001,0.021,0.019,0.007,142,0.0,0.0,0.022,,,,
36.907428081300004,-76.2943364315,Norfolk City,Algonquin,743400,-0.004,-0.007,0.003,0.004,0.002,205,-0.005,-0.01,0.005,,,,
36.8970568785,-76.26279181539998,Norfolk City,Roland Park,177700,0.001,-0.003,0.011,0.022,-0.004,146,0.0,0.0,0.014,,,,
36.901268965,-76.2540112488,Norfolk City,Inglenook,163700,0.013,0.023,0.055,0.025,0.002,148,0.007,0.021,0.05,,,,
36.8543192206,-76.28766392680001,Norfolk City,Downtown,225100,-0.001,-0.003,-0.009,0.003,-0.018,193,0.0,0.0,-0.005,,,,
36.9500235413,-76.2504430882,Norfolk City,Pinewell,280800,0.001,0.006,0.042,0.036,-0.002,142,0.0,0.0,0.036,,,,
36.8779068822,-76.2583223141,Norfolk City,Fairmount Park,159200,0.005,0.012,0.043,0.028,0.003,433,0.005,0.012,0.043,,,,
36.8348745649,-76.2030162342,Norfolk City,River Forest Shores,247600,0.0,0.003,0.017,0.019,0.003,145,0.0,0.0,0.014,,,,
36.9249935916,-76.3021830066,Norfolk City,Norfolk Crossing,178000,0.009,0.023,0.043,0.044,0.026,121,0.017,0.025,0.043,,,,
36.8354225146,-76.25781539180001,Norfolk City,Campostella Heights,165400,-0.003,-0.019,-0.001,0.038,-0.005,107,0.0,-0.018,0.0,,,,
36.8699549806,-76.2188041423,Norfolk City,River Oaks,187900,0.005,0.016,0.091,0.054,0.004,134,0.008,0.015,0.089,,,,
36.8543347815,-76.2284424621,Norfolk City,Broad Creek Shores,253800,-0.003,-0.007,0.007,0.019,0.01,119,0.0,-0.008,0.008,,,,
36.8396653819,-76.2005573414,Norfolk City,Wayside Manor,177200,-0.001,-0.008,-0.028,0.036,0.005,144,-0.007,-0.014,-0.027,,,,
36.9227135429,-76.2380282044,Norfolk City,South Bayview,214000,0.002,0.006,0.025,0.031,0.004,142,0.0,0.007,0.022,,,,
36.8879533116,-76.2331433073,Norfolk City,Brandon Place,187500,0.001,0.005,0.024,0.04,0.004,136,0.0,0.007,0.023,,,,
36.9115857463,-76.29980708779999,Norfolk City,River Front,201100,0.004,0.01,0.018,0.021,-0.007,139,0.007,0.015,0.022,,,,
36.9231387834,-76.21807546069999,Norfolk City,Roosevelt,191700,0.002,0.007,0.027,0.026,0.001,143,0.007,0.007,0.029,,,,
36.8683913469,-76.239724729,Norfolk City,Coleman Place,178800,0.008,0.016,0.036,0.044,0.006,139,0.007,0.015,0.037,,,,
36.9154458606,-76.2603006759,Norfolk City,Denby Park,160700,0.007,0.01,0.08,0.034,-0.005,144,0.007,0.007,0.075,,,,
36.9150582371,-76.30304335619998,Norfolk City,Meadowbrook,303500,0.001,0.0,0.015,0.013,-0.006,5207,0.001,0.0,0.015,,,,
36.9651600086,-76.2802841486,Norfolk City,Willoughby,224400,0.0,0.0,0.026,0.023,-0.012,924,-0.001,0.0,0.026,,,,
36.9035327601,-76.2338905512,Norfolk City,Meadowbrook Woods,227300,0.004,0.011,0.019,0.02,0.001,143,0.0,0.007,0.014,,,,
36.8951817437,-76.2291209253,Norfolk City,Shadywood East,148100,0.0,0.005,-0.015,---,---,133,0.0,0.008,-0.015,,,,
36.9246381452,-76.2475491182,Norfolk City,Colonial Heights,195500,0.002,0.005,0.033,0.031,0.009,144,0.0,0.007,0.036,,,,
36.880382694699996,-76.237360317,Norfolk City,Greenwood,182100,0.004,0.01,0.026,0.038,0.002,138,0.007,0.015,0.03,,,,
36.9005855128,-76.2995442864,Norfolk City,Larchmont,392100,-0.001,0.0,0.009,0.01,0.001,162,0.0,0.0,0.013,,,,
36.942353732600004,-76.2299766746,Norfolk City,Cottage Line,242400,0.0,0.004,0.039,0.03,-0.004,189,0.0,0.005,0.038,,,,
36.9206060315,-76.2627405233,Norfolk City,Monticello Village,192200,0.008,0.021,0.079,0.051,0.015,132,0.008,0.023,0.082,,,,
36.8628146902,-76.27455112060001,Norfolk City,Olde Huntersville,126000,-0.008,-0.016,0.084,0.021,-0.023,90,-0.011,-0.022,0.084,,,,
36.8841654242,-76.30041621640001,Norfolk City,ODU Village,152900,0.0,0.015,0.094,0.034,-0.016,163,0.0,0.012,0.094,,,,
36.8513506723,-76.29571093189999,Norfolk City,Freemason Street Area Association,349900,-0.001,-0.002,0.01,0.011,0.003,223,0.0,0.0,0.014,,,,
36.885778350100004,-76.2873710491,Norfolk City,Colonial Place,285600,-0.001,-0.004,0.017,0.024,0.006,1099,-0.001,-0.004,0.017,,,,
36.9123329847,-76.2287327878,Norfolk City,Larrymore Lawns,226700,0.0,0.001,0.016,0.023,0.006,124,0.0,0.0,0.016,,,,
36.9276625522,-76.1952679539,Norfolk City,East Ocean View,353400,-0.003,-0.003,0.023,0.024,0.001,475,-0.004,-0.004,0.022,,,,
36.875511498,-76.2489553824,Norfolk City,East Fairmount,135600,0.009,0.02,0.08,0.033,-0.004,131,0.008,0.016,0.074,,,,
36.913866210100004,-76.2002995131,Norfolk City,Camellia Shores,232000,0.0,-0.001,-0.002,0.019,-0.007,134,0.0,-0.007,-0.007,,,,
36.8566399577,-76.26784396640001,Norfolk City,Bruce's Park,152900,-0.007,-0.018,0.028,0.033,-0.004,113,-0.009,-0.017,0.027,,,,
36.8463860695,-76.3356605654,Portsmouth City,Port Norfolk,186100,0.008,0.027,0.08,0.029,0.012,116,0.009,0.027,0.084,---,---,---,---
36.8463860695,-76.3356605654,Portsmouth City,Port Norfolk,186100,0.008,0.027,0.08,0.029,0.012,116,0.009,0.027,0.084,---,---,---,---
36.8853603807,-76.2403538096,Norfolk City,Norview Heights,179700,0.004,0.009,0.043,0.045,0.003,136,0.0,0.007,0.038,,,,
36.8490647239,-76.3628439945,Portsmouth City,Wise Beach,272800,0.002,0.015,0.05,0.011,0.008,139,0.0,0.015,0.053,---,---,---,---
36.817923535700004,-76.3371957371,Portsmouth City,Truxton,111400,-0.009,-0.021,0.023,0.001,-0.009,105,-0.009,-0.019,0.029,---,---,---,---
36.876956273699996,-76.4037884681,Portsmouth City,Peachtree,142600,0.009,0.02,-0.001,-0.001,0.004,120,0.008,0.026,0.0,---,---,---,---
36.8901754081,-76.3896765487,Portsmouth City,Edgefield,229200,0.003,0.016,0.06,0.038,0.025,138,0.0,0.015,0.062,---,---,---,---
36.7950876384,-76.363840767,Portsmouth City,Cavalier Manor,164800,0.004,0.021,0.13,0.042,0.021,126,0.0,0.016,0.125,1200,0.003,0.017,0.059
36.879164865199996,-76.3914362414,Portsmouth City,Twin Pines,157900,0.01,0.039,0.087,0.036,0.02,109,0.009,0.038,0.09,---,---,---,---
36.806261837,-76.37073381489999,Portsmouth City,Hattonsville,207700,0.006,0.01,0.018,0.027,0.006,127,0.008,0.008,0.016,---,---,---,---
36.8234994271,-76.3154474003,Portsmouth City,Prentis Park,133000,0.024,0.065,0.237,0.066,0.013,101,0.02,0.063,0.232,1155,0,0.024,0.086
36.8634943612,-76.3724016968,Portsmouth City,Cavalier Forest,217000,0.006,0.022,0.073,0.031,0.014,135,0.007,0.023,0.071,---,---,---,---
36.8770776672,-76.3858173461,Portsmouth City,Merrifields,224800,0.003,0.012,0.063,0.034,0.015,132,0.0,0.008,0.065,---,---,---,---
36.800949480300005,-76.3171605368,Portsmouth City,Cradock,128400,-0.005,-0.01,0.017,0.012,0.005,100,-0.01,-0.01,0.02,1159,0.007,0.039,0.062
36.822017114699996,-76.3699307639,Portsmouth City,Simonsdale,152200,0.009,0.028,0.099,0.036,0.03,135,0.007,0.031,0.098,---,---,---,---
36.8340902281,-76.3366380313,Portsmouth City,Mt. Herman,143000,0.001,0.009,0.082,0.041,0.02,114,0.0,0.009,0.086,---,---,---,---
36.847519573,-76.3466745186,Portsmouth City,Lynn Shores,180800,0.005,0.021,0.096,0.032,0.015,133,0.0,0.023,0.09,---,---,---,---
36.827727816599996,-76.383996198,Portsmouth City,Park Manor,194600,0.005,0.019,0.067,0.034,0.021,135,0.0,0.015,0.063,1275,0,-0.005,-0.017
36.837565174,-76.3541996708,Portsmouth City,Waterview,226600,0.009,0.022,0.03,0.016,0.005,118,0.009,0.026,0.035,---,---,---,---
36.8192791911,-76.3558264363,Portsmouth City,Oregon Acres,174600,0.002,0.012,0.066,0.037,0.014,125,0.0,0.016,0.068,---,---,---,---
36.8683744288,-76.3957223761,Portsmouth City,Ebony Heights,164400,0.003,0.017,0.074,0.034,0.015,138,0.0,0.015,0.07,---,---,---,---
36.869346564699995,-76.3882091431,Portsmouth City,North Siesta Gardens,236100,0.002,0.014,0.062,0.026,0.019,134,0.0,0.015,0.063,---,---,---,---
36.8043930081,-76.3347017288,Portsmouth City,Highlands,142800,0.005,0.013,0.053,0.02,0.013,360,0.003,0.011,0.053,1162,0.005,0.023,0.063
36.845928306,-76.3764048732,Portsmouth City,Sterling Point,258900,0.005,0.019,0.061,0.029,0.015,122,0.0,0.017,0.061,---,---,---,---
36.865234563200005,-76.36382078529999,Portsmouth City,Hunters Point,225000,0.003,0.017,0.066,0.035,0.021,127,0.008,0.024,0.067,---,---,---,---
36.8285811046,-76.3506214818,Portsmouth City,Westhaven,156200,0.005,0.023,0.072,0.037,0.028,127,0.008,0.024,0.076,1166,0,-0.006,0.034
36.8189780262,-76.3929495607,Portsmouth City,Mayflower Park,202700,0.005,0.02,0.08,0.033,0.019,4003,0.005,0.02,0.08,---,---,---,---
36.841640672,-76.32569551479999,Portsmouth City,Shea Terrace,168700,0.015,0.041,0.102,0.031,0.017,116,0.018,0.045,0.105,---,---,---,---
36.8544678158,-76.3851727047,Portsmouth City,Nottingham-Westmoreland,136900,0.001,0.015,0.06,0.026,0.024,96,0.011,0.021,0.067,---,---,---,---
36.8550927717,-76.3712847269,Portsmouth City,Hatton Point,236700,0.004,0.015,0.05,0.03,0.01,128,0.008,0.016,0.049,---,---,---,---
36.8712322513,-76.4087819226,Portsmouth City,Churchland Southwest,173800,0.012,0.032,0.088,0.048,0.035,137,0.007,0.03,0.087,---,---,---,---
36.8167153534,-76.31308599569999,Portsmouth City,Brighton,118000,0.028,0.072,0.22,0.034,0.009,101,0.02,0.063,0.217,---,---,---,---
